metric	column	test	rho_reads	p_rho	p_omnibus	p_PASS_vs_FAIL	p_PASS_vs_WARN	p_WARN_vs_FAIL	p_plate_effect	n_PASS	n_WARN	n_FAIL	median_PASS	median_WARN	median_FAIL	p_omnibus_BH	p_rho_BH
Blue intensity	blue_intensity	Kruskal-Wallis	0.07296687678167921	0.10598146191037341	0.30770311053873023	0.8072022227170238	0.5615794877659273	NA	1.7871754546506926e-5	50	6	436	50.769999999999996	55.835	50.125	0.9999999999986315	0.9632602331550925
Object between the lines	obj_between_lines	Fisher exact	0.032278354689948746	0.37169666702245907	0.9999999999986315	NA	NA	NA	1.7556404031039046e-4	73	9	686	0.0821917808219178	0	0.08454810495626822	0.9999999999986315	0.9632602331550925
Isolated cell to green line (px)	dist_iso_to_green	Kruskal-Wallis	-0.030957173116715104	0.3916005872573093	0.46001645672549857	0.38227291210830056	0.38227291210830056	NA	0.10978155613929613	73	9	686	104.39999999999998	197.6	136.6	0.9999999999986315	0.9632602331550925
Nearest object past purple line (px)	dist_beyond_purple	Kruskal-Wallis	-0.05292004790831179	0.40955800882928983	0.9344351040527584	1	1	NA	0.016816835644877917	22	3	220	140.60000000000002	124.29999999999995	118.25	0.9999999999986315	0.9632602331550925
Orange intensity	orange_intensity	Kruskal-Wallis	-0.03130092165947009	0.48850300948539804	0.7450912112253283	0.7362450728406553	0.7362450728406553	NA	0.015854720304238297	50	6	436	35	38.765	36.265	0.9999999999986315	0.9632602331550925
Isolated cell diameter (um)	diameter_um	Kruskal-Wallis	0.022948710845690654	0.5254146726300505	0.7058500506730767	0.6214377890092613	0.6214377890092613	NA	0.04581925289751113	73	9	686	16.2	16.86	16.11	0.9999999999986315	0.9632602331550925
Objects detected	n_objects	Kruskal-Wallis	0.013267919717391063	0.7135379894044883	0.9150444520225979	0.9756027217434685	0.9756027217434685	NA	2.215135340993959e-8	73	9	686	1	1	1	0.9999999999986315	0.9955209723520998
Objects in isolation window	n_in_iso_window	Kruskal-Wallis	-0.011350265031039785	0.753486447912052	0.5539475363843787	0.8117034959731484	0.8117034959731484	NA	0.26291468192816536	73	9	686	1	1	1	0.9999999999986315	0.9955209723520998
Circularity	circularity	Kruskal-Wallis	0.008479152508434324	0.8145171591971725	0.3860634713395117	0.7475617724644099	0.3147215435296043	NA	0.826676529584918	73	9	686	1.06	1.08	1.05	0.9999999999986315	0.9955209723520998
Elongation	elongation	Kruskal-Wallis	0.0041994600475760745	0.9075021186137486	0.3735712496282989	0.7542087149459188	0.2624929807916133	NA	0.8023379969152771	73	9	686	1.64	1.75	1.6	0.9999999999986315	0.9976157435488158
Rightmost object diameter (um)	rightmost_diameter_um	Kruskal-Wallis	-1.0800426509626935e-4	0.9976157435488158	0.6592609213789821	0.733858108826279	0.733858108826279	NA	0.34246962955419347	73	9	686	15.34	14.23	15.32	0.9999999999986315	0.9976157435488158
